{
  "generator-ng-component": {
    "routeDirectory": "app/components/",
    "directiveDirectory": "app/components/",
    "componentDirectory": "app/components/",
    "filterDirectory": "app/components/",
    "serviceDirectory": "app/components/",
    "basePath": "app",
    "moduleName": "",
    "modulePrompt": true,
    "filters": [
      "uirouter",
      "jasmine"
    ],
    "extensions": [
      "js",
      "html",
      "scss"
    ],
    "directiveSimpleTemplates": "",
    "directiveComplexTemplates": "",
    "filterTemplates": "",
    "serviceTemplates": "",
    "factoryTemplates": "",
    "controllerTemplates": "",
    "componentTemplates": "",
    "decoratorTemplates": "",
    "providerTemplates": "",
    "routeTemplates": ""
  }
}